ticker,data,submercado,duracao_meses,preco_compra,preco_venda,limite_compra,limite_venda
N26JAN1,2026-01-01,N,1,145.35,136.88,100,100
N26FEV1,2026-02-01,N,1,118.08,111.2,100,100
N26MAR1,2026-03-01,N,1,110.9,104.44,100,100
N26ABR1,2026-04-01,N,1,105.6,99.45,100,100
N26MAI1,2026-05-01,N,1,127.38,119.96,100,100
N26JUN1,2026-06-01,N,1,160.01,150.69,100,100
N26JUL1,2026-07-01,N,1,182.96,172.3,100,100
N26AGO1,2026-08-01,N,1,193.84,182.54,100,100
N26SET1,2026-09-01,N,1,218.48,205.75,100,100
N26OUT1,2026-10-01,N,1,221.08,208.21,100,100
N26NOV1,2026-11-01,N,1,202.62,190.81,100,100
N26DEZ1,2026-12-01,N,1,159.4,150.12,100,100
N27JAN1,2027-01-01,N,1,153.45,144.51,100,100
N27FEV1,2027-02-01,N,1,122.63,115.48,100,100
N27MAR1,2027-03-01,N,1,115.47,108.75,100,100
N27ABR1,2027-04-01,N,1,109.65,103.26,100,100
N27MAI1,2027-05-01,N,1,132.73,125.0,100,100
N27JUN1,2027-06-01,N,1,166.58,156.87,100,100
N27JUL1,2027-07-01,N,1,187.34,176.43,100,100
N27AGO1,2027-08-01,N,1,199.71,188.08,100,100
N27SET1,2027-09-01,N,1,225.92,212.76,100,100
N27OUT1,2027-10-01,N,1,229.6,216.23,100,100
N27NOV1,2027-11-01,N,1,206.74,194.7,100,100
N27DEZ1,2027-12-01,N,1,165.28,155.65,100,100
N28JAN1,2028-01-01,N,1,150.77,141.99,100,100
N28FEV1,2028-02-01,N,1,121.61,114.53,100,100
N28MAR1,2028-03-01,N,1,116.58,109.79,100,100
N28ABR1,2028-04-01,N,1,110.76,104.31,100,100
N28MAI1,2028-05-01,N,1,134.54,126.71,100,100
N28JUN1,2028-06-01,N,1,163.53,154.01,100,100
N28JUL1,2028-07-01,N,1,184.78,174.02,100,100
N28AGO1,2028-08-01,N,1,196.88,185.41,100,100
N28SET1,2028-09-01,N,1,228.28,214.99,100,100
N28OUT1,2028-10-01,N,1,227.39,214.14,100,100
N28NOV1,2028-11-01,N,1,206.28,194.27,100,100
N28DEZ1,2028-12-01,N,1,165.13,155.51,100,100
N29JAN1,2029-01-01,N,1,155.69,146.62,100,100
N29FEV1,2029-02-01,N,1,127.39,119.97,100,100
N29MAR1,2029-03-01,N,1,118.98,112.05,100,100
N29ABR1,2029-04-01,N,1,111.28,104.8,100,100
N29MAI1,2029-05-01,N,1,131.58,123.92,100,100
N29JUN1,2029-06-01,N,1,166.27,156.59,100,100
N29JUL1,2029-07-01,N,1,188.21,177.25,100,100
N29AGO1,2029-08-01,N,1,199.15,187.55,100,100
N29SET1,2029-09-01,N,1,227.03,213.81,100,100
N29OUT1,2029-10-01,N,1,228.54,215.23,100,100
N29NOV1,2029-11-01,N,1,201.46,189.72,100,100
N29DEZ1,2029-12-01,N,1,158.88,149.63,100,100
N30JAN1,2030-01-01,N,1,147.7,139.1,100,100
N30FEV1,2030-02-01,N,1,120.06,113.06,100,100
N30MAR1,2030-03-01,N,1,114.57,107.9,100,100
N30ABR1,2030-04-01,N,1,106.98,100.75,100,100
N30MAI1,2030-05-01,N,1,128.47,120.99,100,100
N30JUN1,2030-06-01,N,1,160.14,150.81,100,100
N30JUL1,2030-07-01,N,1,180.16,169.67,100,100
N30AGO1,2030-08-01,N,1,192.23,181.03,100,100
N30SET1,2030-09-01,N,1,219.0,206.24,100,100
N30OUT1,2030-10-01,N,1,221.36,208.47,100,100
N30NOV1,2030-11-01,N,1,200.17,188.51,100,100
N30DEZ1,2030-12-01,N,1,160.12,150.79,100,100
N26JAN3,2026-01-01,N,3,122.96,119.32,100,100
N26FEV3,2026-02-01,N,3,109.9,106.65,100,100
N26MAR3,2026-03-01,N,3,112.96,109.62,100,100
N26ABR3,2026-04-01,N,3,129.09,125.27,100,100
N26MAI3,2026-05-01,N,3,154.5,149.93,100,100
N26JUN3,2026-06-01,N,3,176.33,171.12,100,100
N26JUL3,2026-07-01,N,3,195.53,189.75,100,100
N26AGO3,2026-08-01,N,3,208.06,201.91,100,100
N26SET3,2026-09-01,N,3,210.94,204.71,100,100
N26OUT3,2026-10-01,N,3,191.54,185.88,100,100
N26NOV3,2026-11-01,N,3,169.32,164.32,100,100
N26DEZ3,2026-12-01,N,3,143.05,138.82,100,100
N27JAN3,2027-01-01,N,3,128.62,124.82,100,100
N27FEV3,2027-02-01,N,3,114.23,110.85,100,100
N27MAR3,2027-03-01,N,3,117.55,114.07,100,100
N27ABR3,2027-04-01,N,3,134.33,130.36,100,100
N27MAI3,2027-05-01,N,3,159.86,155.13,100,100
N27JUN3,2027-06-01,N,3,181.86,176.48,100,100
N27JUL3,2027-07-01,N,3,201.35,195.4,100,100
N27AGO3,2027-08-01,N,3,215.23,208.87,100,100
N27SET3,2027-09-01,N,3,217.54,211.11,100,100
N27OUT3,2027-10-01,N,3,197.62,191.78,100,100
N27NOV3,2027-11-01,N,3,171.73,166.65,100,100
N27DEZ3,2027-12-01,N,3,143.77,139.52,100,100
N28JAN3,2028-01-01,N,3,127.77,123.99,100,100
N28FEV3,2028-02-01,N,3,114.63,111.24,100,100
N28MAR3,2028-03-01,N,3,118.87,115.36,100,100
N28ABR3,2028-04-01,N,3,134.29,130.33,100,100
N28MAI3,2028-05-01,N,3,158.61,153.92,100,100
N28JUN3,2028-06-01,N,3,179.09,173.79,100,100
N28JUL3,2028-07-01,N,3,200.36,194.43,100,100
N28AGO3,2028-08-01,N,3,214.35,208.01,100,100
N28SET3,2028-09-01,N,3,217.44,211.01,100,100
N28OUT3,2028-10-01,N,3,196.69,190.88,100,100
N28NOV3,2028-11-01,N,3,173.14,168.03,100,100
N28DEZ3,2028-12-01,N,3,147.23,142.87,100,100
N29JAN3,2029-01-01,N,3,132.07,128.16,100,100
N29FEV3,2029-02-01,N,3,117.48,114.01,100,100
N29MAR3,2029-03-01,N,3,118.86,115.35,100,100
N29ABR3,2029-04-01,N,3,134.39,130.42,100,100
N29MAI3,2029-05-01,N,3,159.66,154.94,100,100
N29JUN3,2029-06-01,N,3,181.86,176.48,100,100
N29JUL3,2029-07-01,N,3,201.82,195.85,100,100
N29AGO3,2029-08-01,N,3,215.06,208.7,100,100
N29SET3,2029-09-01,N,3,215.82,209.44,100,100
N29OUT3,2029-10-01,N,3,193.43,187.72,100,100
N29NOV3,2029-11-01,N,3,166.88,161.95,100,100
N29DEZ3,2029-12-01,N,3,140.14,136.0,100,100
N30JAN3,2030-01-01,N,3,125.59,121.88,100,100
N30FEV3,2030-02-01,N,3,112.21,108.9,100,100
N30MAR3,2030-03-01,N,3,114.98,111.58,100,100
N30ABR3,2030-04-01,N,3,129.94,126.1,100,100
N30MAI3,2030-05-01,N,3,153.98,149.43,100,100
N30JUN3,2030-06-01,N,3,174.92,169.75,100,100
N30JUL3,2030-07-01,N,3,194.26,188.52,100,100
N30AGO3,2030-08-01,N,3,207.79,201.65,100,100
N30SET3,2030-09-01,N,3,210.4,204.18,100,100
N30OUT3,2030-10-01,N,3,191.06,185.41,100,100
N26JAN6,2026-01-01,N,6,124.78,123.54,100,100
N26FEV6,2026-02-01,N,6,130.9,129.6,100,100
N26MAR6,2026-03-01,N,6,143.22,141.79,100,100
N26ABR6,2026-04-01,N,6,160.71,159.11,100,100
N26MAI6,2026-05-01,N,6,179.49,177.71,100,100
N26JUN6,2026-06-01,N,6,191.73,189.82,100,100
N26JUL6,2026-07-01,N,6,191.63,189.72,100,100
N26AGO6,2026-08-01,N,6,186.83,184.97,100,100
N26SET6,2026-09-01,N,6,175.25,173.51,100,100
N26OUT6,2026-10-01,N,6,158.5,156.92,100,100
N26NOV6,2026-11-01,N,6,140.38,138.98,100,100
N26DEZ6,2026-12-01,N,6,129.01,127.73,100,100
N27JAN6,2027-01-01,N,6,130.18,128.88,100,100
N27FEV6,2027-02-01,N,6,135.69,134.34,100,100
N27MAR6,2027-03-01,N,6,148.23,146.75,100,100
N27ABR6,2027-04-01,N,6,166.19,164.53,100,100
N27MAI6,2027-05-01,N,6,185.7,183.85,100,100
N27JUN6,2027-06-01,N,6,197.73,195.76,100,100
N27JUL6,2027-07-01,N,6,197.52,195.56,100,100
N27AGO6,2027-08-01,N,6,191.57,189.67,100,100
N27SET6,2027-09-01,N,6,178.87,177.09,100,100
N27OUT6,2027-10-01,N,6,161.09,159.49,100,100
N27NOV6,2027-11-01,N,6,141.77,140.36,100,100
N27DEZ6,2027-12-01,N,6,130.03,128.73,100,100
N28JAN6,2028-01-01,N,6,129.74,128.45,100,100
N28FEV6,2028-02-01,N,6,135.27,133.93,100,100
N28MAR6,2028-03-01,N,6,147.51,146.04,100,100
N28ABR6,2028-04-01,N,6,165.68,164.03,100,100
N28MAI6,2028-05-01,N,6,184.64,182.8,100,100
N28JUN6,2028-06-01,N,6,196.31,194.36,100,100
N28JUL6,2028-07-01,N,6,196.57,194.61,100,100
N28AGO6,2028-08-01,N,6,191.84,189.93,100,100
N28SET6,2028-09-01,N,6,180.54,178.74,100,100
N28OUT6,2028-10-01,N,6,162.76,161.14,100,100
N28NOV6,2028-11-01,N,6,143.88,142.45,100,100
N28DEZ6,2028-12-01,N,6,131.73,130.42,100,100
N29JAN6,2029-01-01,N,6,131.92,130.61,100,100
N29FEV6,2029-02-01,N,6,137.21,135.84,100,100
N29MAR6,2029-03-01,N,6,148.88,147.4,100,100
N29ABR6,2029-04-01,N,6,166.45,164.79,100,100
N29MAI6,2029-05-01,N,6,185.52,183.67,100,100
N29JUN6,2029-06-01,N,6,196.88,194.92,100,100
N29JUL6,2029-07-01,N,6,195.68,193.73,100,100
N29AGO6,2029-08-01,N,6,189.09,187.21,100,100
N29SET6,2029-09-01,N,6,176.23,174.47,100,100
N29OUT6,2029-10-01,N,6,157.94,156.37,100,100
N29NOV6,2029-11-01,N,6,138.17,136.8,100,100
N29DEZ6,2029-12-01,N,6,126.3,125.05,100,100
N30JAN6,2030-01-01,N,6,126.51,125.25,100,100
N30FEV6,2030-02-01,N,6,131.79,130.47,100,100
N30MAR6,2030-03-01,N,6,143.52,142.09,100,100
N30ABR6,2030-04-01,N,6,160.5,158.91,100,100
N30MAI6,2030-05-01,N,6,179.1,177.32,100,100
N30JUN6,2030-06-01,N,6,190.77,188.87,100,100
N30JUL6,2030-07-01,N,6,190.76,188.86,100,100
NE26JAN1,2026-01-01,NE,1,186.81,175.93,100,100
NE26FEV1,2026-02-01,NE,1,158.34,149.12,100,100
NE26MAR1,2026-03-01,NE,1,151.59,142.76,100,100
NE26ABR1,2026-04-01,NE,1,141.19,132.97,100,100
NE26MAI1,2026-05-01,NE,1,158.17,148.96,100,100
NE26JUN1,2026-06-01,NE,1,164.59,155.0,100,100
NE26JUL1,2026-07-01,NE,1,181.77,171.18,100,100
NE26AGO1,2026-08-01,NE,1,191.44,180.28,100,100
NE26SET1,2026-09-01,NE,1,216.43,203.82,100,100
NE26OUT1,2026-10-01,NE,1,221.71,208.8,100,100
NE26NOV1,2026-11-01,NE,1,199.01,187.42,100,100
NE26DEZ1,2026-12-01,NE,1,174.01,163.87,100,100
NE27JAN1,2027-01-01,NE,1,189.81,178.76,100,100
NE27FEV1,2027-02-01,NE,1,161.11,151.72,100,100
NE27MAR1,2027-03-01,NE,1,158.1,148.89,100,100
NE27ABR1,2027-04-01,NE,1,145.86,137.36,100,100
NE27MAI1,2027-05-01,NE,1,161.82,152.4,100,100
NE27JUN1,2027-06-01,NE,1,166.84,157.12,100,100
NE27JUL1,2027-07-01,NE,1,183.1,172.44,100,100
NE27AGO1,2027-08-01,NE,1,193.51,182.24,100,100
NE27SET1,2027-09-01,NE,1,218.99,206.23,100,100
NE27OUT1,2027-10-01,NE,1,225.49,212.35,100,100
NE27NOV1,2027-11-01,NE,1,202.5,190.7,100,100
NE27DEZ1,2027-12-01,NE,1,178.7,168.29,100,100
NE28JAN1,2028-01-01,NE,1,183.72,173.01,100,100
NE28FEV1,2028-02-01,NE,1,156.7,147.57,100,100
NE28MAR1,2028-03-01,NE,1,158.11,148.9,100,100
NE28ABR1,2028-04-01,NE,1,147.08,138.51,100,100
NE28MAI1,2028-05-01,NE,1,163.29,153.78,100,100
NE28JUN1,2028-06-01,NE,1,163.25,153.74,100,100
NE28JUL1,2028-07-01,NE,1,177.69,167.34,100,100
NE28AGO1,2028-08-01,NE,1,188.24,177.27,100,100
NE28SET1,2028-09-01,NE,1,216.7,204.08,100,100
NE28OUT1,2028-10-01,NE,1,220.05,207.23,100,100
NE28NOV1,2028-11-01,NE,1,197.79,186.27,100,100
NE28DEZ1,2028-12-01,NE,1,175.7,165.47,100,100
NE29JAN1,2029-01-01,NE,1,193.37,182.1,100,100
NE29FEV1,2029-02-01,NE,1,168.5,158.69,100,100
NE29MAR1,2029-03-01,NE,1,161.02,151.64,100,100
NE29ABR1,2029-04-01,NE,1,148.21,139.57,100,100
NE29MAI1,2029-05-01,NE,1,162.0,152.57,100,100
NE29JUN1,2029-06-01,NE,1,166.83,157.11,100,100
NE29JUL1,2029-07-01,NE,1,182.61,171.97,100,100
NE29AGO1,2029-08-01,NE,1,191.25,180.11,100,100
NE29SET1,2029-09-01,NE,1,218.11,205.4,100,100
NE29OUT1,2029-10-01,NE,1,222.77,209.79,100,100
NE29NOV1,2029-11-01,NE,1,196.41,184.97,100,100
NE29DEZ1,2029-12-01,NE,1,171.46,161.48,100,100
NE30JAN1,2030-01-01,NE,1,185.47,174.67,100,100
NE30FEV1,2030-02-01,NE,1,157.33,148.16,100,100
NE30MAR1,2030-03-01,NE,1,157.51,148.33,100,100
NE30ABR1,2030-04-01,NE,1,143.9,135.52,100,100
NE30MAI1,2030-05-01,NE,1,159.45,150.16,100,100
NE30JUN1,2030-06-01,NE,1,163.56,154.03,100,100
NE30JUL1,2030-07-01,NE,1,178.09,167.71,100,100
NE30AGO1,2030-08-01,NE,1,187.94,176.99,100,100
NE30SET1,2030-09-01,NE,1,212.8,200.4,100,100
NE30OUT1,2030-10-01,NE,1,218.02,205.32,100,100
NE30NOV1,2030-11-01,NE,1,195.19,183.82,100,100
NE30DEZ1,2030-12-01,NE,1,172.96,162.89,100,100
NE26JAN3,2026-01-01,NE,3,163.17,158.35,100,100
NE26FEV3,2026-02-01,NE,3,148.19,143.81,100,100
NE26MAR3,2026-03-01,NE,3,148.13,143.75,100,100
NE26ABR3,2026-04-01,NE,3,152.4,147.89,100,100
NE26MAI3,2026-05-01,NE,3,165.72,160.83,100,100
NE26JUN3,2026-06-01,NE,3,176.65,171.43,100,100
NE26JUL3,2026-07-01,NE,3,193.68,187.96,100,100
NE26AGO3,2026-08-01,NE,3,206.8,200.69,100,100
NE26SET3,2026-09-01,NE,3,209.29,203.1,100,100
NE26OUT3,2026-10-01,NE,3,195.36,189.58,100,100
NE26NOV3,2026-11-01,NE,3,184.88,179.41,100,100
NE26DEZ3,2026-12-01,NE,3,172.43,167.33,100,100
NE27JAN3,2027-01-01,NE,3,167.2,162.26,100,100
NE27FEV3,2027-02-01,NE,3,152.76,148.25,100,100
NE27MAR3,2027-03-01,NE,3,153.0,148.48,100,100
NE27ABR3,2027-04-01,NE,3,155.87,151.26,100,100
NE27MAI3,2027-05-01,NE,3,168.1,163.14,100,100
NE27JUN3,2027-06-01,NE,3,178.51,173.24,100,100
NE27JUL3,2027-07-01,NE,3,195.64,189.86,100,100
NE27AGO3,2027-08-01,NE,3,209.57,203.37,100,100
NE27SET3,2027-09-01,NE,3,212.52,206.23,100,100
NE27OUT3,2027-10-01,NE,3,199.28,193.39,100,100
NE27NOV3,2027-11-01,NE,3,185.56,180.08,100,100
NE27DEZ3,2027-12-01,NE,3,170.52,165.48,100,100
NE28JAN3,2028-01-01,NE,3,163.76,158.92,100,100
NE28FEV3,2028-02-01,NE,3,151.72,147.24,100,100
NE28MAR3,2028-03-01,NE,3,153.89,149.34,100,100
NE28ABR3,2028-04-01,NE,3,155.57,150.97,100,100
NE28MAI3,2028-05-01,NE,3,165.63,160.73,100,100
NE28JUN3,2028-06-01,NE,3,173.82,168.68,100,100
NE28JUL3,2028-07-01,NE,3,191.38,185.72,100,100
NE28AGO3,2028-08-01,NE,3,205.3,199.23,100,100
NE28SET3,2028-09-01,NE,3,208.43,202.27,100,100
NE28OUT3,2028-10-01,NE,3,194.97,189.2,100,100
NE28NOV3,2028-11-01,NE,3,186.2,180.7,100,100
NE28DEZ3,2028-12-01,NE,3,176.58,171.36,100,100
NE29JAN3,2029-01-01,NE,3,171.76,166.68,100,100
NE29FEV3,2029-02-01,NE,3,156.92,152.28,100,100
NE29MAR3,2029-03-01,NE,3,154.79,150.21,100,100
NE29ABR3,2029-04-01,NE,3,156.7,152.07,100,100
NE29MAI3,2029-05-01,NE,3,168.0,163.03,100,100
NE29JUN3,2029-06-01,NE,3,177.61,172.36,100,100
NE29JUL3,2029-07-01,NE,3,194.45,188.7,100,100
NE29AGO3,2029-08-01,NE,3,207.64,201.5,100,100
NE29SET3,2029-09-01,NE,3,209.33,203.15,100,100
NE29OUT3,2029-10-01,NE,3,194.01,188.28,100,100
NE29NOV3,2029-11-01,NE,3,181.76,176.39,100,100
NE29DEZ3,2029-12-01,NE,3,168.93,163.93,100,100
NE30JAN3,2030-01-01,NE,3,164.34,159.48,100,100
NE30FEV3,2030-02-01,NE,3,150.69,146.23,100,100
NE30MAR3,2030-03-01,NE,3,151.38,146.91,100,100
NE30ABR3,2030-04-01,NE,3,153.37,148.84,100,100
NE30MAI3,2030-05-01,NE,3,164.6,159.74,100,100
NE30JUN3,2030-06-01,NE,3,173.96,168.82,100,100
NE30JUL3,2030-07-01,NE,3,190.13,184.51,100,100
NE30AGO3,2030-08-01,NE,3,203.25,197.24,100,100
NE30SET3,2030-09-01,NE,3,205.63,199.55,100,100
NE30OUT3,2030-10-01,NE,3,192.54,186.85,100,100
NE26JAN6,2026-01-01,NE,6,156.23,154.67,100,100
NE26FEV6,2026-02-01,NE,6,155.41,153.86,100,100
NE26MAR6,2026-03-01,NE,6,160.79,159.19,100,100
NE26ABR6,2026-04-01,NE,6,171.33,169.63,100,100
NE26MAI6,2026-05-01,NE,6,184.43,182.59,100,100
NE26JUN6,2026-06-01,NE,6,191.07,189.17,100,100
NE26JUL6,2026-07-01,NE,6,192.6,190.69,100,100
NE26AGO6,2026-08-01,NE,6,193.91,191.98,100,100
NE26SET6,2026-09-01,NE,6,188.98,187.1,100,100
NE26OUT6,2026-10-01,NE,6,179.49,177.71,100,100
NE26NOV6,2026-11-01,NE,6,167.16,165.49,100,100
NE26DEZ6,2026-12-01,NE,6,161.11,159.51,100,100
NE27JAN6,2027-01-01,NE,6,159.94,158.35,100,100
NE27FEV6,2027-02-01,NE,6,158.85,157.27,100,100
NE27MAR6,2027-03-01,NE,6,164.12,162.49,100,100
NE27ABR6,2027-04-01,NE,6,174.02,172.29,100,100
NE27MAI6,2027-05-01,NE,6,186.97,185.11,100,100
NE27JUN6,2027-06-01,NE,6,193.59,191.66,100,100
NE27JUL6,2027-07-01,NE,6,195.52,193.57,100,100
NE27AGO6,2027-08-01,NE,6,195.62,193.67,100,100
NE27SET6,2027-09-01,NE,6,189.63,187.74,100,100
NE27OUT6,2027-10-01,NE,6,179.73,177.94,100,100
NE27NOV6,2027-11-01,NE,6,166.98,165.32,100,100
NE27DEZ6,2027-12-01,NE,6,160.6,159.01,100,100
NE28JAN6,2028-01-01,NE,6,158.09,156.52,100,100
NE28FEV6,2028-02-01,NE,6,157.11,155.55,100,100
NE28MAR6,2028-03-01,NE,6,162.24,160.63,100,100
NE28ABR6,2028-04-01,NE,6,171.77,170.06,100,100
NE28MAI6,2028-05-01,NE,6,183.64,181.81,100,100
NE28JUN6,2028-06-01,NE,6,189.25,187.36,100,100
NE28JUL6,2028-07-01,NE,6,191.27,189.37,100,100
NE28AGO6,2028-08-01,NE,6,193.82,191.89,100,100
NE28SET6,2028-09-01,NE,6,190.61,188.71,100,100
NE28OUT6,2028-10-01,NE,6,181.56,179.75,100,100
NE28NOV6,2028-11-01,NE,6,169.87,168.18,100,100
NE28DEZ6,2028-12-01,NE,6,164.05,162.42,100,100
NE29JAN6,2029-01-01,NE,6,162.61,160.99,100,100
NE29FEV6,2029-02-01,NE,6,160.86,159.26,100,100
NE29MAR6,2029-03-01,NE,6,164.56,162.92,100,100
NE29ABR6,2029-04-01,NE,6,173.84,172.11,100,100
NE29MAI6,2029-05-01,NE,6,185.97,184.12,100,100
NE29JUN6,2029-06-01,NE,6,191.56,189.66,100,100
NE29JUL6,2029-07-01,NE,6,192.32,190.4,100,100
NE29AGO6,2029-08-01,NE,6,192.78,190.86,100,100
NE29SET6,2029-09-01,NE,6,187.27,185.4,100,100
NE29OUT6,2029-10-01,NE,6,177.41,175.65,100,100
NE29NOV6,2029-11-01,NE,6,164.59,162.95,100,100
NE29DEZ6,2029-12-01,NE,6,158.58,157.0,100,100
NE30JAN6,2030-01-01,NE,6,157.29,155.73,100,100
NE30FEV6,2030-02-01,NE,6,156.09,154.54,100,100
NE30MAR6,2030-03-01,NE,6,161.07,159.47,100,100
NE30ABR6,2030-04-01,NE,6,170.06,168.37,100,100
NE30MAI6,2030-05-01,NE,6,182.11,180.3,100,100
NE30JUN6,2030-06-01,NE,6,187.92,186.05,100,100
NE30JUL6,2030-07-01,NE,6,189.45,187.57,100,100
S26JAN1,2026-01-01,S,1,155.44,146.39,100,100
S26FEV1,2026-02-01,S,1,156.63,147.5,100,100
S26MAR1,2026-03-01,S,1,162.91,153.42,100,100
S26ABR1,2026-04-01,S,1,153.94,144.97,100,100
S26MAI1,2026-05-01,S,1,171.88,161.87,100,100
S26JUN1,2026-06-01,S,1,135.95,128.03,100,100
S26JUL1,2026-07-01,S,1,161.84,152.41,100,100
S26AGO1,2026-08-01,S,1,178.39,168.0,100,100
S26SET1,2026-09-01,S,1,205.75,193.76,100,100
S26OUT1,2026-10-01,S,1,205.64,193.66,100,100
S26NOV1,2026-11-01,S,1,191.08,179.95,100,100
S26DEZ1,2026-12-01,S,1,151.28,142.47,100,100
S27JAN1,2027-01-01,S,1,161.24,151.84,100,100
S27FEV1,2027-02-01,S,1,160.71,151.35,100,100
S27MAR1,2027-03-01,S,1,169.04,159.19,100,100
S27ABR1,2027-04-01,S,1,157.47,148.3,100,100
S27MAI1,2027-05-01,S,1,177.22,166.89,100,100
S27JUN1,2027-06-01,S,1,138.02,129.98,100,100
S27JUL1,2027-07-01,S,1,162.25,152.8,100,100
S27AGO1,2027-08-01,S,1,180.7,170.18,100,100
S27SET1,2027-09-01,S,1,210.02,197.78,100,100
S27OUT1,2027-10-01,S,1,210.54,198.27,100,100
S27NOV1,2027-11-01,S,1,193.78,182.49,100,100
S27DEZ1,2027-12-01,S,1,155.42,146.37,100,100
S28JAN1,2028-01-01,S,1,157.15,147.99,100,100
S28FEV1,2028-02-01,S,1,158.51,149.28,100,100
S28MAR1,2028-03-01,S,1,167.0,157.27,100,100
S28ABR1,2028-04-01,S,1,157.67,148.49,100,100
S28MAI1,2028-05-01,S,1,177.63,167.28,100,100
S28JUN1,2028-06-01,S,1,134.77,126.92,100,100
S28JUL1,2028-07-01,S,1,157.18,148.03,100,100
S28AGO1,2028-08-01,S,1,175.74,165.5,100,100
S28SET1,2028-09-01,S,1,206.09,194.09,100,100
S28OUT1,2028-10-01,S,1,203.24,191.4,100,100
S28NOV1,2028-11-01,S,1,189.63,178.58,100,100
S28DEZ1,2028-12-01,S,1,152.76,143.86,100,100
S29JAN1,2029-01-01,S,1,160.95,151.58,100,100
S29FEV1,2029-02-01,S,1,166.89,157.17,100,100
S29MAR1,2029-03-01,S,1,173.82,163.7,100,100
S29ABR1,2029-04-01,S,1,158.66,149.41,100,100
S29MAI1,2029-05-01,S,1,176.19,165.92,100,100
S29JUN1,2029-06-01,S,1,137.0,129.02,100,100
S29JUL1,2029-07-01,S,1,161.86,152.43,100,100
S29AGO1,2029-08-01,S,1,178.8,168.39,100,100
S29SET1,2029-09-01,S,1,207.2,195.13,100,100
S29OUT1,2029-10-01,S,1,207.17,195.1,100,100
S29NOV1,2029-11-01,S,1,187.01,176.11,100,100
S29DEZ1,2029-12-01,S,1,149.01,140.33,100,100
S30JAN1,2030-01-01,S,1,154.29,145.3,100,100
S30FEV1,2030-02-01,S,1,157.16,148.0,100,100
S30MAR1,2030-03-01,S,1,164.19,154.63,100,100
S30ABR1,2030-04-01,S,1,151.45,142.63,100,100
S30MAI1,2030-05-01,S,1,170.62,160.68,100,100
S30JUN1,2030-06-01,S,1,132.77,125.03,100,100
S30JUL1,2030-07-01,S,1,156.02,146.93,100,100
S30AGO1,2030-08-01,S,1,172.69,162.63,100,100
S30SET1,2030-09-01,S,1,199.25,187.64,100,100
S30OUT1,2030-10-01,S,1,199.36,187.75,100,100
S30NOV1,2030-11-01,S,1,186.25,175.4,100,100
S30DEZ1,2030-12-01,S,1,150.43,141.67,100,100
S26JAN3,2026-01-01,S,3,156.02,151.41,100,100
S26FEV3,2026-02-01,S,3,155.52,150.93,100,100
S26MAR3,2026-03-01,S,3,160.53,155.79,100,100
S26ABR3,2026-04-01,S,3,151.68,147.2,100,100
S26MAI3,2026-05-01,S,3,154.27,149.71,100,100
S26JUN3,2026-06-01,S,3,156.41,151.79,100,100
S26JUL3,2026-07-01,S,3,179.34,174.04,100,100
S26AGO3,2026-08-01,S,3,193.73,188.0,100,100
S26SET3,2026-09-01,S,3,197.9,192.05,100,100
S26OUT3,2026-10-01,S,3,180.01,174.69,100,100
S26NOV3,2026-11-01,S,3,165.42,160.53,100,100
S26DEZ3,2026-12-01,S,3,155.45,150.85,100,100
S27JAN3,2027-01-01,S,3,161.28,156.51,100,100
S27FEV3,2027-02-01,S,3,160.04,155.31,100,100
S27MAR3,2027-03-01,S,3,165.46,160.57,100,100
S27ABR3,2027-04-01,S,3,155.27,150.68,100,100
S27MAI3,2027-05-01,S,3,156.84,152.21,100,100
S27JUN3,2027-06-01,S,3,157.99,153.32,100,100
S27JUL3,2027-07-01,S,3,181.64,176.27,100,100
S27AGO3,2027-08-01,S,3,197.5,191.66,100,100
S27SET3,2027-09-01,S,3,201.79,195.83,100,100
S27OUT3,2027-10-01,S,3,183.86,178.43,100,100
S27NOV3,2027-11-01,S,3,166.33,161.41,100,100
S27DEZ3,2027-12-01,S,3,154.74,150.17,100,100
S28JAN3,2028-01-01,S,3,158.54,153.86,100,100
S28FEV3,2028-02-01,S,3,158.71,154.02,100,100
S28MAR3,2028-03-01,S,3,165.0,160.12,100,100
S28ABR3,2028-04-01,S,3,154.41,149.84,100,100
S28MAI3,2028-05-01,S,3,154.25,149.69,100,100
S28JUN3,2028-06-01,S,3,153.63,149.09,100,100
S28JUL3,2028-07-01,S,3,177.06,171.82,100,100
S28AGO3,2028-08-01,S,3,192.18,186.5,100,100
S28SET3,2028-09-01,S,3,196.74,190.93,100,100
S28OUT3,2028-10-01,S,3,179.23,173.93,100,100
S28NOV3,2028-11-01,S,3,165.34,160.45,100,100
S28DEZ3,2028-12-01,S,3,157.87,153.2,100,100
S29JAN3,2029-01-01,S,3,164.79,159.92,100,100
S29FEV3,2029-02-01,S,3,164.03,159.18,100,100
S29MAR3,2029-03-01,S,3,167.09,162.15,100,100
S29ABR3,2029-04-01,S,3,154.99,150.41,100,100
S29MAI3,2029-05-01,S,3,156.04,151.43,100,100
S29JUN3,2029-06-01,S,3,156.9,152.27,100,100
S29JUL3,2029-07-01,S,3,179.96,174.64,100,100
S29AGO3,2029-08-01,S,3,194.85,189.09,100,100
S29SET3,2029-09-01,S,3,197.54,191.7,100,100
S29OUT3,2029-10-01,S,3,178.42,173.15,100,100
S29NOV3,2029-11-01,S,3,161.05,156.29,100,100
S29DEZ3,2029-12-01,S,3,151.25,146.78,100,100
S30JAN3,2030-01-01,S,3,156.24,151.62,100,100
S30FEV3,2030-02-01,S,3,155.31,150.71,100,100
S30MAR3,2030-03-01,S,3,159.73,155.01,100,100
S30ABR3,2030-04-01,S,3,149.41,144.99,100,100
S30MAI3,2030-05-01,S,3,150.91,146.44,100,100
S30JUN3,2030-06-01,S,3,151.58,147.1,100,100
S30JUL3,2030-07-01,S,3,173.42,168.29,100,100
S30AGO3,2030-08-01,S,3,187.66,182.11,100,100
S30SET3,2030-09-01,S,3,192.11,186.43,100,100
S30OUT3,2030-10-01,S,3,176.08,170.87,100,100
S26JAN6,2026-01-01,S,6,152.33,150.82,100,100
S26FEV6,2026-02-01,S,6,153.37,151.85,100,100
S26MAR6,2026-03-01,S,6,156.91,155.35,100,100
S26ABR6,2026-04-01,S,6,163.88,162.25,100,100
S26MAI6,2026-05-01,S,6,172.29,170.57,100,100
S26JUN6,2026-06-01,S,6,175.41,173.66,100,100
S26JUL6,2026-07-01,S,6,177.9,176.13,100,100
S26AGO6,2026-08-01,S,6,177.81,176.04,100,100
S26SET6,2026-09-01,S,6,174.93,173.19,100,100
S26OUT6,2026-10-01,S,6,168.96,167.28,100,100
S26NOV6,2026-11-01,S,6,161.13,159.53,100,100
S26DEZ6,2026-12-01,S,6,158.87,157.29,100,100
S27JAN6,2027-01-01,S,6,156.72,155.16,100,100
S27FEV6,2027-02-01,S,6,156.88,155.32,100,100
S27MAR6,2027-03-01,S,6,160.13,158.54,100,100
S27ABR6,2027-04-01,S,6,166.8,165.14,100,100
S27MAI6,2027-05-01,S,6,175.43,173.68,100,100
S27JUN6,2027-06-01,S,6,178.12,176.35,100,100
S27JUL6,2027-07-01,S,6,180.95,179.15,100,100
S27AGO6,2027-08-01,S,6,180.12,178.33,100,100
S27SET6,2027-09-01,S,6,176.51,174.75,100,100
S27OUT6,2027-10-01,S,6,169.51,167.83,100,100
S27NOV6,2027-11-01,S,6,160.92,159.32,100,100
S27DEZ6,2027-12-01,S,6,158.29,156.72,100,100
S28JAN6,2028-01-01,S,6,154.93,153.39,100,100
S28FEV6,2028-02-01,S,6,154.94,153.4,100,100
S28MAR6,2028-03-01,S,6,157.74,156.17,100,100
S28ABR6,2028-04-01,S,6,164.1,162.47,100,100
S28MAI6,2028-05-01,S,6,171.51,169.8,100,100
S28JUN6,2028-06-01,S,6,173.46,171.73,100,100
S28JUL6,2028-07-01,S,6,176.39,174.63,100,100
S28AGO6,2028-08-01,S,6,177.0,175.24,100,100
S28SET6,2028-09-01,S,6,175.56,173.81,100,100
S28OUT6,2028-10-01,S,6,170.31,168.62,100,100
S28NOV6,2028-11-01,S,6,163.06,161.44,100,100
S28DEZ6,2028-12-01,S,6,160.88,159.28,100,100
S29JAN6,2029-01-01,S,6,158.31,156.74,100,100
S29FEV6,2029-02-01,S,6,158.46,156.88,100,100
S29MAR6,2029-03-01,S,6,160.4,158.8,100,100
S29ABR6,2029-04-01,S,6,165.83,164.18,100,100
S29MAI6,2029-05-01,S,6,173.72,171.99,100,100
S29JUN6,2029-06-01,S,6,175.48,173.73,100,100
S29JUL6,2029-07-01,S,6,177.43,175.66,100,100
S29AGO6,2029-08-01,S,6,176.2,174.44,100,100
S29SET6,2029-09-01,S,6,172.68,170.96,100,100
S29OUT6,2029-10-01,S,6,165.68,164.03,100,100
S29NOV6,2029-11-01,S,6,156.62,155.06,100,100
S29DEZ6,2029-12-01,S,6,153.96,152.43,100,100
S30JAN6,2030-01-01,S,6,151.32,149.81,100,100
S30FEV6,2030-02-01,S,6,151.6,150.09,100,100
S30MAR6,2030-03-01,S,6,154.12,152.59,100,100
S30ABR6,2030-04-01,S,6,159.82,158.23,100,100
S30MAI6,2030-05-01,S,6,167.61,165.95,100,100
S30JUN6,2030-06-01,S,6,170.15,168.46,100,100
S30JUL6,2030-07-01,S,6,173.03,171.3,100,100
SE26JAN1,2026-01-01,SE,1,166.65,156.94,100,100
SE26FEV1,2026-02-01,SE,1,154.83,145.81,100,100
SE26MAR1,2026-03-01,SE,1,157.58,148.4,100,100
SE26ABR1,2026-04-01,SE,1,147.53,138.93,100,100
SE26MAI1,2026-05-01,SE,1,169.96,160.06,100,100
SE26JUN1,2026-06-01,SE,1,164.25,154.68,100,100
SE26JUL1,2026-07-01,SE,1,183.59,172.89,100,100
SE26AGO1,2026-08-01,SE,1,196.8,185.34,100,100
SE26SET1,2026-09-01,SE,1,219.17,206.41,100,100
SE26OUT1,2026-10-01,SE,1,219.8,207.0,100,100
SE26NOV1,2026-11-01,SE,1,201.71,189.96,100,100
SE26DEZ1,2026-12-01,SE,1,162.53,153.06,100,100
SE27JAN1,2027-01-01,SE,1,169.6,159.73,100,100
SE27FEV1,2027-02-01,SE,1,157.82,148.62,100,100
SE27MAR1,2027-03-01,SE,1,163.38,153.86,100,100
SE27ABR1,2027-04-01,SE,1,152.02,143.17,100,100
SE27MAI1,2027-05-01,SE,1,174.97,164.78,100,100
SE27JUN1,2027-06-01,SE,1,167.89,158.11,100,100
SE27JUL1,2027-07-01,SE,1,185.44,174.64,100,100
SE27AGO1,2027-08-01,SE,1,200.24,188.57,100,100
SE27SET1,2027-09-01,SE,1,224.09,211.04,100,100
SE27OUT1,2027-10-01,SE,1,225.46,212.32,100,100
SE27NOV1,2027-11-01,SE,1,205.25,193.29,100,100
SE27DEZ1,2027-12-01,SE,1,167.28,157.54,100,100
SE28JAN1,2028-01-01,SE,1,165.0,155.39,100,100
SE28FEV1,2028-02-01,SE,1,155.27,146.23,100,100
SE28MAR1,2028-03-01,SE,1,162.32,152.86,100,100
SE28ABR1,2028-04-01,SE,1,152.47,143.59,100,100
SE28MAI1,2028-05-01,SE,1,176.17,165.91,100,100
SE28JUN1,2028-06-01,SE,1,163.97,154.42,100,100
SE28JUL1,2028-07-01,SE,1,180.21,169.72,100,100
SE28AGO1,2028-08-01,SE,1,194.92,183.57,100,100
SE28SET1,2028-09-01,SE,1,222.21,209.27,100,100
SE28OUT1,2028-10-01,SE,1,220.12,207.3,100,100
SE28NOV1,2028-11-01,SE,1,201.57,189.82,100,100
SE28DEZ1,2028-12-01,SE,1,165.11,155.49,100,100
SE29JAN1,2029-01-01,SE,1,172.15,162.12,100,100
SE29FEV1,2029-02-01,SE,1,165.52,155.88,100,100
SE29MAR1,2029-03-01,SE,1,170.06,160.15,100,100
SE29ABR1,2029-04-01,SE,1,156.39,147.28,100,100
SE29MAI1,2029-05-01,SE,1,177.11,166.79,100,100
SE29JUN1,2029-06-01,SE,1,169.44,159.57,100,100
SE29JUL1,2029-07-01,SE,1,187.41,176.49,100,100
SE29AGO1,2029-08-01,SE,1,200.16,188.5,100,100
SE29SET1,2029-09-01,SE,1,224.73,211.64,100,100
SE29OUT1,2029-10-01,SE,1,224.26,211.19,100,100
SE29NOV1,2029-11-01,SE,1,201.01,189.3,100,100
SE29DEZ1,2029-12-01,SE,1,162.22,152.77,100,100
SE30JAN1,2030-01-01,SE,1,164.89,155.29,100,100
SE30FEV1,2030-02-01,SE,1,154.94,145.91,100,100
SE30MAR1,2030-03-01,SE,1,160.38,151.03,100,100
SE30ABR1,2030-04-01,SE,1,148.51,139.86,100,100
SE30MAI1,2030-05-01,SE,1,171.51,161.52,100,100
SE30JUN1,2030-06-01,SE,1,162.77,153.28,100,100
SE30JUL1,2030-07-01,SE,1,178.46,168.07,100,100
SE30AGO1,2030-08-01,SE,1,191.97,180.79,100,100
SE30SET1,2030-09-01,SE,1,215.55,202.99,100,100
SE30OUT1,2030-10-01,SE,1,215.79,203.22,100,100
SE30NOV1,2030-11-01,SE,1,197.64,186.13,100,100
SE30DEZ1,2030-12-01,SE,1,162.01,152.57,100,100
SE26JAN3,2026-01-01,SE,3,157.36,152.71,100,100
SE26FEV3,2026-02-01,SE,3,151.08,146.61,100,100
SE26MAR3,2026-03-01,SE,3,156.05,151.44,100,100
SE26ABR3,2026-04-01,SE,3,158.24,153.56,100,100
SE26MAI3,2026-05-01,SE,3,170.09,165.06,100,100
SE26JUN3,2026-06-01,SE,3,178.9,173.61,100,100
SE26JUL3,2026-07-01,SE,3,196.94,191.12,100,100
SE26AGO3,2026-08-01,SE,3,208.84,202.67,100,100
SE26SET3,2026-09-01,SE,3,210.45,204.23,100,100
SE26OUT3,2026-10-01,SE,3,191.84,186.17,100,100
SE26NOV3,2026-11-01,SE,3,175.35,170.17,100,100
SE26DEZ3,2026-12-01,SE,3,160.94,156.18,100,100
SE27JAN3,2027-01-01,SE,3,161.22,156.45,100,100
SE27FEV3,2027-02-01,SE,3,155.44,150.85,100,100
SE27MAR3,2027-03-01,SE,3,161.08,156.32,100,100
SE27ABR3,2027-04-01,SE,3,162.56,157.75,100,100
SE27MAI3,2027-05-01,SE,3,173.54,168.41,100,100
SE27JUN3,2027-06-01,SE,3,181.84,176.46,100,100
SE27JUL3,2027-07-01,SE,3,200.3,194.38,100,100
SE27AGO3,2027-08-01,SE,3,213.44,207.13,100,100
SE27SET3,2027-09-01,SE,3,215.09,208.73,100,100
SE27OUT3,2027-10-01,SE,3,196.43,190.62,100,100
SE27NOV3,2027-11-01,SE,3,176.57,171.35,100,100
SE27DEZ3,2027-12-01,SE,3,160.15,155.42,100,100
SE28JAN3,2028-01-01,SE,3,158.52,153.84,100,100
SE28FEV3,2028-02-01,SE,3,154.4,149.84,100,100
SE28MAR3,2028-03-01,SE,3,161.27,156.5,100,100
SE28ABR3,2028-04-01,SE,3,161.81,157.03,100,100
SE28MAI3,2028-05-01,SE,3,170.93,165.87,100,100
SE28JUN3,2028-06-01,SE,3,177.09,171.85,100,100
SE28JUL3,2028-07-01,SE,3,196.22,190.42,100,100
SE28AGO3,2028-08-01,SE,3,209.33,203.14,100,100
SE28SET3,2028-09-01,SE,3,211.51,205.26,100,100
SE28OUT3,2028-10-01,SE,3,192.75,187.06,100,100
SE28NOV3,2028-11-01,SE,3,176.99,171.76,100,100
SE28DEZ3,2028-12-01,SE,3,165.15,160.27,100,100
SE29JAN3,2029-01-01,SE,3,166.78,161.85,100,100
SE29FEV3,2029-02-01,SE,3,161.6,156.83,100,100
SE29MAR3,2029-03-01,SE,3,165.41,160.52,100,100
SE29ABR3,2029-04-01,SE,3,165.2,160.32,100,100
SE29MAI3,2029-05-01,SE,3,175.39,170.21,100,100
SE29JUN3,2029-06-01,SE,3,182.96,177.56,100,100
SE29JUL3,2029-07-01,SE,3,201.13,195.18,100,100
SE29AGO3,2029-08-01,SE,3,213.23,206.93,100,100
SE29SET3,2029-09-01,SE,3,213.51,207.2,100,100
SE29OUT3,2029-10-01,SE,3,192.98,187.27,100,100
SE29NOV3,2029-11-01,SE,3,173.47,168.35,100,100
SE29DEZ3,2029-12-01,SE,3,158.34,153.66,100,100
SE30JAN3,2030-01-01,SE,3,157.74,153.08,100,100
SE30FEV3,2030-02-01,SE,3,152.36,147.85,100,100
SE30MAR3,2030-03-01,SE,3,157.8,153.13,100,100
SE30ABR3,2030-04-01,SE,3,158.58,153.9,100,100
SE30MAI3,2030-05-01,SE,3,168.42,163.45,100,100
SE30JUN3,2030-06-01,SE,3,175.15,169.97,100,100
SE30JUL3,2030-07-01,SE,3,192.48,186.79,100,100
SE30AGO3,2030-08-01,SE,3,204.74,198.69,100,100
SE30SET3,2030-09-01,SE,3,206.61,200.5,100,100
SE30OUT3,2030-10-01,SE,3,189.02,183.43,100,100
SE26JAN6,2026-01-01,SE,6,156.24,154.69,100,100
SE26FEV6,2026-02-01,SE,6,159.0,157.42,100,100
SE26MAR6,2026-03-01,SE,6,165.83,164.18,100,100
SE26ABR6,2026-04-01,SE,6,175.84,174.09,100,100
SE26MAI6,2026-05-01,SE,6,187.6,185.73,100,100
SE26JUN6,2026-06-01,SE,6,192.76,190.84,100,100
SE26JUL6,2026-07-01,SE,6,192.48,190.56,100,100
SE26AGO6,2026-08-01,SE,6,190.2,188.31,100,100
SE26SET6,2026-09-01,SE,6,183.86,182.03,100,100
SE26OUT6,2026-10-01,SE,6,174.79,173.05,100,100
SE26NOV6,2026-11-01,SE,6,163.77,162.14,100,100
SE26DEZ6,2026-12-01,SE,6,159.42,157.83,100,100
SE27JAN6,2027-01-01,SE,6,160.29,158.7,100,100
SE27FEV6,2027-02-01,SE,6,162.87,161.25,100,100
SE27MAR6,2027-03-01,SE,6,169.77,168.08,100,100
SE27ABR6,2027-04-01,SE,6,179.64,177.85,100,100
SE27MAI6,2027-05-01,SE,6,191.58,189.68,100,100
SE27JUN6,2027-06-01,SE,6,196.51,194.55,100,100
SE27JUL6,2027-07-01,SE,6,196.41,194.45,100,100
SE27AGO6,2027-08-01,SE,6,193.08,191.16,100,100
SE27SET6,2027-09-01,SE,6,185.77,183.92,100,100
SE27OUT6,2027-10-01,SE,6,175.73,173.98,100,100
SE27NOV6,2027-11-01,SE,6,163.86,162.23,100,100
SE27DEZ6,2027-12-01,SE,6,159.13,157.54,100,100
SE28JAN6,2028-01-01,SE,6,158.59,157.01,100,100
SE28FEV6,2028-02-01,SE,6,161.06,159.46,100,100
SE28MAR6,2028-03-01,SE,6,167.51,165.84,100,100
SE28ABR6,2028-04-01,SE,6,177.25,175.49,100,100
SE28MAI6,2028-05-01,SE,6,188.25,186.38,100,100
SE28JUN6,2028-06-01,SE,6,192.38,190.47,100,100
SE28JUL6,2028-07-01,SE,6,192.57,190.65,100,100
SE28AGO6,2028-08-01,SE,6,191.26,189.35,100,100
SE28SET6,2028-09-01,SE,6,186.48,184.62,100,100
SE28OUT6,2028-10-01,SE,6,177.99,176.22,100,100
SE28NOV6,2028-11-01,SE,6,167.63,165.96,100,100
SE28DEZ6,2028-12-01,SE,6,163.65,162.02,100,100
SE29JAN6,2029-01-01,SE,6,164.36,162.72,100,100
SE29FEV6,2029-02-01,SE,6,166.84,165.18,100,100
SE29MAR6,2029-03-01,SE,6,172.47,170.75,100,100
SE29ABR6,2029-04-01,SE,6,181.36,179.56,100,100
SE29MAI6,2029-05-01,SE,6,192.4,190.48,100,100
SE29JUN6,2029-06-01,SE,6,196.28,194.33,100,100
SE29JUL6,2029-07-01,SE,6,195.11,193.17,100,100
SE29AGO6,2029-08-01,SE,6,191.45,189.54,100,100
SE29SET6,2029-09-01,SE,6,184.09,182.26,100,100
SE29OUT6,2029-10-01,SE,6,173.63,171.9,100,100
SE29NOV6,2029-11-01,SE,6,161.31,159.7,100,100
SE29DEZ6,2029-12-01,SE,6,156.51,154.96,100,100
SE30JAN6,2030-01-01,SE,6,156.6,155.04,100,100
SE30FEV6,2030-02-01,SE,6,158.81,157.23,100,100
SE30MAR6,2030-03-01,SE,6,164.83,163.19,100,100
SE30ABR6,2030-04-01,SE,6,173.8,172.07,100,100
SE30MAI6,2030-05-01,SE,6,184.75,182.91,100,100
SE30JUN6,2030-06-01,SE,6,189.0,187.12,100,100
SE30JUL6,2030-07-01,SE,6,188.87,186.99,100,100
